activity_id,activity_date,developer,project_code,project_name,requirement_id,deliverable_id,activity_type,activity_title,activity_summary,systems_touched,files_touched,evidence_refs,reusable_asset_created,reusable_pattern,validation_rule,gap_or_risk,next_action,status,priority,llm_queryable,company_knowledge_candidate,memory_tags,source_skill_file,source_type
D01-A01,2026-07-08,sarujanan,prsd,Postage Reconciliation System Dashboard,REQ-02,D01,review,"Reviewed the standalone dashboard UI and identified layout, card-width and dark-mode issues","Reviewed dashboard/postage_reconciliation_dashboard.html at desktop, tablet and mobile widths and identified three issues: the KPI card strip left empty space on the right (grid used auto-fill), KPI cards were too tall and carried secondary text, and the dark-mode palette was washed-out and too bright. Produced a UI improvement plan feeding A02 and A03.",browser,dashboard/postage_reconciliation_dashboard.html,documentation/10_ui_and_validation_report.md (Part 1 - UI Changes Made),false,,,Card grid using auto-fill leaves trailing empty column tracks on wide screens,Apply full-width auto-fit grid and compact card sizing,completed,medium,true,false,"ui-review,layout,kpi-cards,dark-mode,responsive,prsd,d01",2026-07-08_sarujanan_REQ-prsd_REQ-02-D01.md,skill_file
D01-A02,2026-07-08,sarujanan,prsd,Postage Reconciliation System Dashboard,REQ-02,D01,ui,"Reworked KPI cards to a full-width, compact, equal-height layout","Changed the .cards grid from auto-fill to auto-fit with minmax(150px,1fr) and width:100%, and set main to width:100%, so the KPI strip stretches edge-to-edge with no right-side gap. Reduced card height (padding 9x12, min-height:0, centered content), made label/value/sub single-line with ellipsis, and cut the strip to 8 important-first metrics: Total Orders, Self-Labelled, Bookings, Actual Cost, Expected, Variance, Open Disputes, Daily Recon.",browser,dashboard/postage_reconciliation_dashboard.html,dashboard/postage_reconciliation_dashboard.html (.cards CSS auto-fit + width:100%; 8 card() calls); documentation/10_ui_and_validation_report.md,true,Full-width KPI strip: CSS grid auto-fit + minmax + width:100% stretches columns edge-to-edge; keep cards single-line and equal-height for a compact enterprise KPI row,,,None - accepted,completed,high,true,true,"kpi-cards,full-width,auto-fit,compact,css-grid,responsive,prsd,d01",2026-07-08_sarujanan_REQ-prsd_REQ-02-D01.md,skill_file
D01-A03,2026-07-08,sarujanan,prsd,Postage Reconciliation System Dashboard,REQ-02,D01,ui,Replaced the dark-mode palette with a professional enterprise slate theme,"Reworked the html[data-theme=dark] CSS variables into an enterprise slate palette (bg #0e141f, surface #171f2c, surface-2 #1e2735, border #2b3648, text #e7ecf4, accent #5b9bf0) with de-saturated status pills to remove washed-out and overly-bright cards, while keeping the header colour #15243d fixed in both light and dark themes. Added :focus-visible outlines for keyboard accessibility.",browser,dashboard/postage_reconciliation_dashboard.html,"dashboard/postage_reconciliation_dashboard.html (html[data-theme=""dark""] variable block); documentation/10_ui_and_validation_report.md (Part 1)",true,Theme with CSS custom properties on html[data-theme]; keep the brand header colour fixed across themes and de-saturate status colours for a professional enterprise dark mode,,,None - accepted,completed,medium,true,true,"dark-mode,theme,css-variables,enterprise,accessibility,focus-visible,prsd,d01",2026-07-08_sarujanan_REQ-prsd_REQ-02-D01.md,skill_file
D01-A04,2026-07-08,sarujanan,prsd,Postage Reconciliation System Dashboard,REQ-02,D01,bugfix,Corrected the Forecast/Actual cost model (dropped 67%-zero template price; used carrier_charge + 8-week baseline),"Root cause: order_shipping_billing_detail.shipping_template_price is 67% zero for the reporting week, so summing it as Forecast made every carrier show a false LEAK. Fix: Actual = carrier_charge (reliable, 4.8% null); Expected = prior-8-week (W19-W26) average carrier_charge per carrier x current-week labels (the workbook README 'default per carrier' fallback, since no rate-card table exists); Variance = Actual - Expected; Status by the workbook rule (trigger 5 GBP, leakage 1%, Others->KILL). Result is realistic: Royal Mail -0.9% CHECK, DHL +3.3% LEAK (+97.46 GBP), net -104.70 GBP.","postgresql, browser, filesystem",dashboard/data.js; dashboard/postage_reconciliation_dashboard.html; dashboard/sql/dashboard_queries.sql,"dashboard/sql/dashboard_queries.sql Q9 (corrected carrier reconciliation); PostgreSQL W27 actual 12,517.31 GBP vs expected 12,622.01 GBP; DHL +97.46 GBP",true,"When a source expected/template column is sparsely populated, check its null/zero rate before using it; derive an expected baseline from a trailing-period average of the reliable actual column per entity","Do not use shipping_template_price as forecast when it is mostly zero; Actual = carrier_charge; Expected = prior-8-week avg carrier_charge per carrier x labels; Status: |Var GBP|>=5 AND |Var %|>1% -> LEAK, else |Var GBP|>=5 -> CHECK, Others -> KILL, else OK",No rate-card table in PostgreSQL so Expected is a derived baseline not a true rate-card forecast; carrier_charge mixes GBP+EUR with no FX table,Ingest a real rate card and carrier invoices to replace the derived baseline,completed,high,true,true,"data-correction,carrier-charge,forecast,baseline,leakage,variance,root-cause,prsd,d01",2026-07-08_sarujanan_REQ-prsd_REQ-02-D01.md,skill_file
D01-A05,2026-07-08,sarujanan,prsd,Postage Reconciliation System Dashboard,REQ-02,D01,build,Rebuilt dashboard/data.js from validated read-only PostgreSQL results (W27 2026),"Regenerated the embedded dashboardData object for reporting week W27 2026 (2026-06-29 to 2026-07-05) from read-only PostgreSQL: overview (4,020 orders, 389 FBA, 147 Wayfair, 3,484 self-labelled, 3,631 labels, 12,517.31 GBP actual cost), an 8-row carrierSummary, a 7-row dailyControl, 10 KPIs, 72 booking buckets and 2 auto-flagged leakage rows. Made data.js byte-identical to the object embedded in the HTML. No mock data.","postgresql, filesystem",dashboard/data.js,"dashboard/data.js; dashboard/sql/dashboard_queries.sql (Q1-Q9); consistency: sum(carrier labels)=sum(daily labels)=3,631; actual 12,517.31 GBP",false,,Embedded data.js must be byte-identical to the HTML-embedded object and every total must equal the PostgreSQL result,data.js is a manual snapshot; it needs an automated refresh job to stay current,Add a scheduled refresh script to regenerate data.js from the query pack,completed,high,true,false,"data-js,embedded-data,postgresql,snapshot,w27,prsd,d01",2026-07-08_sarujanan_REQ-prsd_REQ-02-D01.md,skill_file
D01-A06,2026-07-08,sarujanan,prsd,Postage Reconciliation System Dashboard,REQ-02,D01,validation,Validated all 11 Excel worksheets against PostgreSQL and the dashboard,"Compared every worksheet (README, Dashboard, Daily Control, Booking Log, Rate Card, Weekly Invoice Check, Leakage Register, Gap Analysis, Lists, SOP, BLOS Thresholds) across Excel -> PostgreSQL -> Dashboard with metric-level totals. Result: 9 PASS, 2 PASS-with-GAP (Rate Card - no rate-card table; Leakage Register - no dispute table), 0 FAIL. Confirmed the framing that Excel holds dummy W19 sample data while PostgreSQL is the live source of truth (W27), so the pass criterion is Dashboard == PostgreSQL exactly.","postgresql, filesystem",documentation/10_ui_and_validation_report.md,documentation/10_ui_and_validation_report.md (Part 2 - per-worksheet tables); order-math holds on all 7 days,true,Validate a dashboard sheet-by-sheet with a three-way table (source-of-truth DB vs reference workbook vs dashboard) and an explicit PASS / PASS-with-GAP / FAIL verdict per sheet,A worksheet PASSES when Dashboard == PostgreSQL exactly and structure/logic == Excel; dummy workbook totals are reference-only,"2 sheets are PASS-with-GAP because their source tables (rate card, disputes) do not exist in PostgreSQL",Re-validate once rate-card and dispute sources are ingested,completed,high,true,true,"validation,worksheet,excel,postgresql,pass-fail,source-of-truth,prsd,d01",2026-07-08_sarujanan_REQ-prsd_REQ-02-D01.md,skill_file
D01-A07,2026-07-08,sarujanan,prsd,Postage Reconciliation System Dashboard,REQ-02,D01,build,Added read-only reconciliation query Q9 (corrected carrier baseline) to the SQL pack,"Added Q9 to dashboard/sql/dashboard_queries.sql: a read-only carrier reconciliation that classifies free-text carrier_name into carrier families, computes a prior-8-week average carrier_charge per family as the expected rate, multiplies by current-week labels for Expected, and derives Variance versus Actual carrier_charge. All queries are SELECT-only (no INSERT/UPDATE/DELETE/DDL). Re-confirmed headline figures read-only on 2026-07-08.",postgresql,dashboard/sql/dashboard_queries.sql,"dashboard/sql/dashboard_queries.sql (Q9); read-only re-confirm: 4,020 orders / 3,631 labels / 12,517.31 GBP",true,"Derive a per-entity baseline rate from a trailing window of the reliable actual column, then apply it to current volume to produce an expected value",The SQL pack must be SELECT-only; no writes to the production database,carrier_family is a documented heuristic over free-text carrier_name (no normalisation table exists),Replace the heuristic with an official carrier normalisation map,completed,high,true,true,"sql,read-only,reconciliation,carrier-family,baseline,q9,postgresql,prsd,d01",2026-07-08_sarujanan_REQ-prsd_REQ-02-D01.md,skill_file
D01-A08,2026-07-08,sarujanan,prsd,Postage Reconciliation System Dashboard,REQ-02,D01,documentation,Produced the UI and full validation report and updated supporting docs,"Wrote documentation/10_ui_and_validation_report.md (UI changes, per-worksheet validation, PostgreSQL validation, data gaps, files modified, limitations), added a 0.3.2 entry to CHANGELOG.md, and updated dashboard/README.md to describe the corrected data model. The report records 9 PASS / 2 PASS-with-GAP / 0 FAIL and the exact source-of-truth framing.",filesystem,documentation/10_ui_and_validation_report.md; CHANGELOG.md; dashboard/README.md,documentation/10_ui_and_validation_report.md; CHANGELOG.md (entry 0.3.2),true,Every data/UI change ships with an evidence-based validation report and a changelog entry (3AM standard),,,Circulate the report for GPT/team review before UAT,handoff_ready,medium,true,true,"documentation,validation-report,changelog,readme,handoff,prsd,d01",2026-07-08_sarujanan_REQ-prsd_REQ-02-D01.md,skill_file
D01-A09,2026-07-08,sarujanan,prsd,Postage Reconciliation System Dashboard,REQ-02,D01,validation,"Final responsive and polish pass (sticky headers, hover/focus states, spacing)","Verified responsive behaviour at desktop, laptop, tablet and mobile widths (cards reflow, tables scroll within their own container, the page body never scrolls horizontally), confirmed sticky table headers, hover states, transitions and :focus-visible outlines, and re-checked that the dashboard has 0 external dependencies and that the embedded JavaScript parses cleanly.",browser,dashboard/postage_reconciliation_dashboard.html,dashboard/postage_reconciliation_dashboard.html; grep confirms 0 external references; node --check confirms JS parses,false,,A standalone dashboard must have 0 external dependencies and no horizontal body scroll at any breakpoint,Not yet tested on real physical tablet/mobile devices (emulated widths only),Device testing during UAT,validation_needed,medium,true,false,"responsive,polish,sticky-header,focus-state,offline,standalone,prsd,d01",2026-07-08_sarujanan_REQ-prsd_REQ-02-D01.md,skill_file
